
--
-- Data for Name: cryptography_act_record; Type: TABLE DATA; Schema: public; Owner: user
--

INSERT INTO public.cryptography_act_record (id, action_type, number, reason, reason_date, happened_at, head_commision_member_id, commision_member_id, performer_id, created_at, updated_at) VALUES (8, 'С_INSTALL', '230220-1', NULL, NULL, '2023-02-20', NULL, NULL, 4, '2024-08-28 07:40:55.854699', '2024-08-28 07:40:55.854699');
INSERT INTO public.cryptography_act_record (id, action_type, number, reason, reason_date, happened_at, head_commision_member_id, commision_member_id, performer_id, created_at, updated_at) VALUES (9, 'С_INSTALL', '230216-1', NULL, NULL, '2023-02-16', NULL, NULL, 4, '2024-08-28 08:11:02.317655', '2024-08-28 08:11:02.317655');
INSERT INTO public.cryptography_act_record (id, action_type, number, reason, reason_date, happened_at, head_commision_member_id, commision_member_id, performer_id, created_at, updated_at) VALUES (10, 'С_INSTALL', '230216-2', NULL, NULL, '2023-02-16', NULL, NULL, 4, '2024-08-28 08:17:54.072869', '2024-08-28 08:17:54.072869');
INSERT INTO public.cryptography_act_record (id, action_type, number, reason, reason_date, happened_at, head_commision_member_id, commision_member_id, performer_id, created_at, updated_at) VALUES (11, 'С_INSTALL', '240404-1', NULL, NULL, '2024-04-04', NULL, NULL, 4, '2024-08-28 08:27:47.412003', '2024-08-28 08:27:47.412003');
INSERT INTO public.cryptography_act_record (id, action_type, number, reason, reason_date, happened_at, head_commision_member_id, commision_member_id, performer_id, created_at, updated_at) VALUES (12, 'С_INSTALL', '240404-2', NULL, NULL, '2024-04-04', NULL, NULL, 4, '2024-08-28 08:32:29.580836', '2024-08-28 08:32:29.580836');
INSERT INTO public.cryptography_act_record (id, action_type, number, reason, reason_date, happened_at, head_commision_member_id, commision_member_id, performer_id, created_at, updated_at) VALUES (13, 'С_INSTALL', '240422-1', NULL, NULL, '2024-04-22', NULL, NULL, 4, '2024-08-28 09:10:19.556753', '2024-08-28 09:10:19.556753');
INSERT INTO public.cryptography_act_record (id, action_type, number, reason, reason_date, happened_at, head_commision_member_id, commision_member_id, performer_id, created_at, updated_at) VALUES (14, 'С_INSTALL', '240422-2', NULL, NULL, '2024-04-22', NULL, NULL, 4, '2024-08-28 09:27:46.469733', '2024-08-28 09:27:46.469733');
INSERT INTO public.cryptography_act_record (id, action_type, number, reason, reason_date, happened_at, head_commision_member_id, commision_member_id, performer_id, created_at, updated_at) VALUES (15, 'C_DESTRUCTION', '240903-1', 'Истечение срока действия сертификата соответствия', NULL, '2024-09-03', 4, 6, 5, '2024-09-03 13:58:41.62044', '2024-09-03 13:58:41.62044');
INSERT INTO public.cryptography_act_record (id, action_type, number, reason, reason_date, happened_at, head_commision_member_id, commision_member_id, performer_id, created_at, updated_at) VALUES (16, 'C_DESTRUCTION', '240903-2', 'Истечение срока действия сертификата соответствия', NULL, '2024-09-03', 4, 6, 5, '2024-09-03 13:59:22.503904', '2024-09-03 13:59:22.503904');
INSERT INTO public.cryptography_act_record (id, action_type, number, reason, reason_date, happened_at, head_commision_member_id, commision_member_id, performer_id, created_at, updated_at) VALUES (21, 'I_INSTALL', '240913-1', 'б\н', '2024-09-12', '2024-09-13', 4, 8, 5, '2024-09-13 11:28:48.586264', '2024-09-13 11:28:48.586264');
INSERT INTO public.cryptography_act_record (id, action_type, number, reason, reason_date, happened_at, head_commision_member_id, commision_member_id, performer_id, created_at, updated_at) VALUES (22, 'I_INSTALL', '240917-1', 'б\н', '2024-09-13', '2024-09-17', 4, 8, 5, '2024-09-18 06:01:10.416237', '2024-09-18 06:01:10.416237');
INSERT INTO public.cryptography_act_record (id, action_type, number, reason, reason_date, happened_at, head_commision_member_id, commision_member_id, performer_id, created_at, updated_at) VALUES (23, 'I_INSTALL', '240918-1', 'б\н', '2024-09-18', '2024-09-18', 4, 10, 5, '2024-09-18 10:56:30.577205', '2024-09-18 10:56:30.577205');
INSERT INTO public.cryptography_act_record (id, action_type, number, reason, reason_date, happened_at, head_commision_member_id, commision_member_id, performer_id, created_at, updated_at) VALUES (24, 'I_INSTALL', '240101-1', 'б\н', '2024-01-01', '2024-01-01', 4, 2, 3, '2024-09-23 12:19:39.187055', '2024-09-23 12:19:39.187055');
INSERT INTO public.cryptography_act_record (id, action_type, number, reason, reason_date, happened_at, head_commision_member_id, commision_member_id, performer_id, created_at, updated_at) VALUES (25, 'KD_REMOVE', '240923-1', 'Истечение срока действия', NULL, '2024-09-23', 4, 3, 5, '2024-09-23 13:32:23.28046', '2024-09-23 13:32:23.28046');
INSERT INTO public.cryptography_act_record (id, action_type, number, reason, reason_date, happened_at, head_commision_member_id, commision_member_id, performer_id, created_at, updated_at) VALUES (26, 'KD_REMOVE', '240923-2', 'Истечение срока действия', NULL, '2024-09-23', 4, 3, 5, '2024-09-23 13:33:12.685076', '2024-09-23 13:33:12.685076');
INSERT INTO public.cryptography_act_record (id, action_type, number, reason, reason_date, happened_at, head_commision_member_id, commision_member_id, performer_id, created_at, updated_at) VALUES (27, 'KD_REMOVE', '240923-3', 'Истечение срока действия', NULL, '2024-09-23', 4, 3, 5, '2024-09-23 13:34:43.583563', '2024-09-23 13:34:43.583563');
INSERT INTO public.cryptography_act_record (id, action_type, number, reason, reason_date, happened_at, head_commision_member_id, commision_member_id, performer_id, created_at, updated_at) VALUES (46, 'I_INSTALL', '240101-2', 'б\н', '2024-01-01', '2024-01-01', 4, 3, 5, '2024-09-24 13:20:11.202838', '2024-09-24 13:20:11.202838');
INSERT INTO public.cryptography_act_record (id, action_type, number, reason, reason_date, happened_at, head_commision_member_id, commision_member_id, performer_id, created_at, updated_at) VALUES (47, 'KD_REMOVE', '240924-1', 'Истечение срока действия', NULL, '2024-09-24', 4, 6, 5, '2024-09-24 13:20:12.602597', '2024-09-24 13:20:12.602597');
INSERT INTO public.cryptography_act_record (id, action_type, number, reason, reason_date, happened_at, head_commision_member_id, commision_member_id, performer_id, created_at, updated_at) VALUES (1, 'I_INSTALL', '240101-3', 'б\н', '2024-01-01', '2024-01-01', 4, 3, 5, '2024-09-25 14:35:43.389213', '2024-09-25 14:35:43.389213');
INSERT INTO public.cryptography_act_record (id, action_type, number, reason, reason_date, happened_at, head_commision_member_id, commision_member_id, performer_id, created_at, updated_at) VALUES (2, 'I_INSTALL', '240101-4', 'б\н', '2024-01-01', '2024-01-01', 4, 3, 5, '2024-09-25 14:37:27.208946', '2024-09-25 14:37:27.208946');
INSERT INTO public.cryptography_act_record (id, action_type, number, reason, reason_date, happened_at, head_commision_member_id, commision_member_id, performer_id, created_at, updated_at) VALUES (3, 'KD_REMOVE', '240924-2', 'Истечение срока действия', NULL, '2024-09-24', 4, 6, 5, '2024-09-25 15:01:05.567049', '2024-09-25 15:01:05.567049');
INSERT INTO public.cryptography_act_record (id, action_type, number, reason, reason_date, happened_at, head_commision_member_id, commision_member_id, performer_id, created_at, updated_at) VALUES (4, 'I_INSTALL', '240101-5', 'б\н', '2024-01-01', '2024-01-01', 4, 3, 5, '2024-09-27 07:32:20.464338', '2024-09-27 07:32:20.464338');
INSERT INTO public.cryptography_act_record (id, action_type, number, reason, reason_date, happened_at, head_commision_member_id, commision_member_id, performer_id, created_at, updated_at) VALUES (49, 'I_INSTALL', '240101-6', 'б\н', '2024-01-01', '2024-01-01', 4, 3, 5, '2024-09-27 07:45:19.028886', '2024-09-27 07:45:19.028886');
INSERT INTO public.cryptography_act_record (id, action_type, number, reason, reason_date, happened_at, head_commision_member_id, commision_member_id, performer_id, created_at, updated_at) VALUES (50, 'KD_REMOVE', '240924-3', 'Истечение срока действия', NULL, '2024-09-24', 4, 6, 5, '2024-09-27 07:45:56.38196', '2024-09-27 07:45:56.38196');
INSERT INTO public.cryptography_act_record (id, action_type, number, reason, reason_date, happened_at, head_commision_member_id, commision_member_id, performer_id, created_at, updated_at) VALUES (51, 'I_INSTALL', '240101-7', 'б\н', '2024-01-01', '2024-01-01', 4, 3, 5, '2024-09-27 08:25:46.900964', '2024-09-27 08:25:46.900964');
INSERT INTO public.cryptography_act_record (id, action_type, number, reason, reason_date, happened_at, head_commision_member_id, commision_member_id, performer_id, created_at, updated_at) VALUES (52, 'I_INSTALL', '240101-8', 'б\н', '2024-01-01', '2024-01-01', 4, 3, 5, '2024-09-27 08:28:09.434337', '2024-09-27 08:28:09.434337');
INSERT INTO public.cryptography_act_record (id, action_type, number, reason, reason_date, happened_at, head_commision_member_id, commision_member_id, performer_id, created_at, updated_at) VALUES (53, 'KD_REMOVE', '240924-4', 'Истечение срока действия', NULL, '2024-09-24', 4, 6, 5, '2024-09-27 08:36:24.880983', '2024-09-27 08:36:24.880983');
INSERT INTO public.cryptography_act_record (id, action_type, number, reason, reason_date, happened_at, head_commision_member_id, commision_member_id, performer_id, created_at, updated_at) VALUES (54, 'KD_REMOVE', '240924-5', 'Истечение срока действия', NULL, '2024-09-24', 4, 6, 5, '2024-09-27 08:39:46.038367', '2024-09-27 08:39:46.038367');
INSERT INTO public.cryptography_act_record (id, action_type, number, reason, reason_date, happened_at, head_commision_member_id, commision_member_id, performer_id, created_at, updated_at) VALUES (55, 'KD_REMOVE', '240924-6', 'Истечение срока действия', NULL, '2024-09-24', 4, 6, 5, '2024-09-27 08:41:15.278044', '2024-09-27 08:41:15.278044');
INSERT INTO public.cryptography_act_record (id, action_type, number, reason, reason_date, happened_at, head_commision_member_id, commision_member_id, performer_id, created_at, updated_at) VALUES (56, 'KD_REMOVE', '240924-7', 'Истечение срока действия', NULL, '2024-09-24', 4, 6, 5, '2024-09-27 09:00:07.392405', '2024-09-27 09:00:07.392405');
INSERT INTO public.cryptography_act_record (id, action_type, number, reason, reason_date, happened_at, head_commision_member_id, commision_member_id, performer_id, created_at, updated_at) VALUES (57, 'KD_REMOVE', '240924-8', 'Истечение срока действия', NULL, '2024-09-24', 4, 6, 5, '2024-09-27 09:01:17.378262', '2024-09-27 09:01:17.378262');
INSERT INTO public.cryptography_act_record (id, action_type, number, reason, reason_date, happened_at, head_commision_member_id, commision_member_id, performer_id, created_at, updated_at) VALUES (58, 'I_INSTALL', '240101-9', 'б\н', '2024-01-01', '2024-01-01', 4, 3, 5, '2024-09-27 09:07:36.859998', '2024-09-27 09:07:36.859998');
INSERT INTO public.cryptography_act_record (id, action_type, number, reason, reason_date, happened_at, head_commision_member_id, commision_member_id, performer_id, created_at, updated_at) VALUES (59, 'KD_REMOVE', '240924-9', 'Истечение срока действия', NULL, '2024-09-24', 4, 6, 5, '2024-09-27 09:07:59.221709', '2024-09-27 09:07:59.221709');
INSERT INTO public.cryptography_act_record (id, action_type, number, reason, reason_date, happened_at, head_commision_member_id, commision_member_id, performer_id, created_at, updated_at) VALUES (60, 'I_INSTALL', '240101-10', 'б\н', '2024-01-01', '2024-01-01', 4, 3, 5, '2024-09-27 09:34:49.502536', '2024-09-27 09:34:49.502536');
INSERT INTO public.cryptography_act_record (id, action_type, number, reason, reason_date, happened_at, head_commision_member_id, commision_member_id, performer_id, created_at, updated_at) VALUES (61, 'KD_REMOVE', '240924-10', 'Истечение срока действия', NULL, '2024-09-24', 4, 6, 5, '2024-09-27 09:35:15.584592', '2024-09-27 09:35:15.584592');
INSERT INTO public.cryptography_act_record (id, action_type, number, reason, reason_date, happened_at, head_commision_member_id, commision_member_id, performer_id, created_at, updated_at) VALUES (62, 'I_INSTALL', '240101-11', 'б\н', '2024-01-01', '2024-01-01', 4, 3, 5, '2024-09-27 09:48:36.882662', '2024-09-27 09:48:36.882662');
INSERT INTO public.cryptography_act_record (id, action_type, number, reason, reason_date, happened_at, head_commision_member_id, commision_member_id, performer_id, created_at, updated_at) VALUES (63, 'KD_REMOVE', '240924-11', 'Истечение срока действия', NULL, '2024-09-24', 4, 6, 5, '2024-09-30 08:12:18.612242', '2024-09-30 08:12:18.612242');
INSERT INTO public.cryptography_act_record (id, action_type, number, reason, reason_date, happened_at, head_commision_member_id, commision_member_id, performer_id, created_at, updated_at) VALUES (64, 'KD_REMOVE', '240924-12', 'Истечение срока действия', NULL, '2024-09-24', 4, 6, 5, '2024-09-30 08:16:47.025804', '2024-09-30 08:16:47.025804');
INSERT INTO public.cryptography_act_record (id, action_type, number, reason, reason_date, happened_at, head_commision_member_id, commision_member_id, performer_id, created_at, updated_at) VALUES (65, 'I_INSTALL', '240101-12', 'б\н', '2024-01-01', '2024-01-01', 4, 3, 5, '2024-09-30 08:22:44.019636', '2024-09-30 08:22:44.019636');
INSERT INTO public.cryptography_act_record (id, action_type, number, reason, reason_date, happened_at, head_commision_member_id, commision_member_id, performer_id, created_at, updated_at) VALUES (66, 'KD_REMOVE', '240924-13', 'б\н', NULL, '2024-09-24', 4, 6, 5, '2024-09-30 08:23:15.54243', '2024-09-30 08:23:15.54243');
INSERT INTO public.cryptography_act_record (id, action_type, number, reason, reason_date, happened_at, head_commision_member_id, commision_member_id, performer_id, created_at, updated_at) VALUES (67, 'KD_REMOVE', '240924-14', 'б\н', NULL, '2024-09-24', 4, 6, 5, '2024-09-30 08:30:36.432222', '2024-09-30 08:30:36.432222');
INSERT INTO public.cryptography_act_record (id, action_type, number, reason, reason_date, happened_at, head_commision_member_id, commision_member_id, performer_id, created_at, updated_at) VALUES (68, 'I_INSTALL', '240101-13', 'б\н', '2024-01-01', '2024-01-01', 4, 3, 5, '2024-09-30 08:31:55.723925', '2024-09-30 08:31:55.723925');
INSERT INTO public.cryptography_act_record (id, action_type, number, reason, reason_date, happened_at, head_commision_member_id, commision_member_id, performer_id, created_at, updated_at) VALUES (69, 'KD_REMOVE', '240924-15', 'Истечение срока действия', NULL, '2024-09-24', 4, 6, 5, '2024-09-30 08:32:17.004929', '2024-09-30 08:32:17.004929');
INSERT INTO public.cryptography_act_record (id, action_type, number, reason, reason_date, happened_at, head_commision_member_id, commision_member_id, performer_id, created_at, updated_at) VALUES (70, 'KD_REMOVE', '240924-16', 'Истечение срока действия', NULL, '2024-09-24', 4, 6, 5, '2024-09-30 08:36:38.990043', '2024-09-30 08:36:38.990043');
INSERT INTO public.cryptography_act_record (id, action_type, number, reason, reason_date, happened_at, head_commision_member_id, commision_member_id, performer_id, created_at, updated_at) VALUES (71, 'I_INSTALL', '240101-14', 'б\н', '2024-01-01', '2024-01-01', 4, 3, 5, '2024-09-30 08:38:23.485515', '2024-09-30 08:38:23.485515');
INSERT INTO public.cryptography_act_record (id, action_type, number, reason, reason_date, happened_at, head_commision_member_id, commision_member_id, performer_id, created_at, updated_at) VALUES (72, 'KD_REMOVE', '240924-17', 'Истечение срока действия', NULL, '2024-09-24', 4, 6, 5, '2024-09-30 08:38:46.409708', '2024-09-30 08:38:46.409708');
INSERT INTO public.cryptography_act_record (id, action_type, number, reason, reason_date, happened_at, head_commision_member_id, commision_member_id, performer_id, created_at, updated_at) VALUES (73, 'I_INSTALL', '240930-1', 'б\н', '2024-09-30', '2024-09-30', 4, 3, 5, '2024-09-30 08:42:15.488464', '2024-09-30 08:42:15.488464');
INSERT INTO public.cryptography_act_record (id, action_type, number, reason, reason_date, happened_at, head_commision_member_id, commision_member_id, performer_id, created_at, updated_at) VALUES (74, 'KD_REMOVE', '240930-2', 'Истечение срока действия', NULL, '2024-09-30', 4, 6, 5, '2024-09-30 08:42:30.579461', '2024-09-30 08:42:30.579461');
INSERT INTO public.cryptography_act_record (id, action_type, number, reason, reason_date, happened_at, head_commision_member_id, commision_member_id, performer_id, created_at, updated_at) VALUES (75, 'KD_REMOVE', '240930-3', 'Истечение срока действия', NULL, '2024-09-30', 4, 6, 5, '2024-09-30 08:45:51.957703', '2024-09-30 08:45:51.957703');
INSERT INTO public.cryptography_act_record (id, action_type, number, reason, reason_date, happened_at, head_commision_member_id, commision_member_id, performer_id, created_at, updated_at) VALUES (76, 'KD_REMOVE', '240930-4', 'Истечение срока действия', NULL, '2024-09-30', 4, 6, 5, '2024-09-30 08:46:06.040636', '2024-09-30 08:46:06.040636');
INSERT INTO public.cryptography_act_record (id, action_type, number, reason, reason_date, happened_at, head_commision_member_id, commision_member_id, performer_id, created_at, updated_at) VALUES (77, 'I_INSTALL', '240930-5', 'б\н', '2024-09-30', '2024-09-30', 4, 3, 5, '2024-09-30 08:53:23.353491', '2024-09-30 08:53:23.353491');
INSERT INTO public.cryptography_act_record (id, action_type, number, reason, reason_date, happened_at, head_commision_member_id, commision_member_id, performer_id, created_at, updated_at) VALUES (78, 'KD_REMOVE', '240930-6', 'Истечение срока действия', NULL, '2024-09-30', 4, 6, 5, '2024-09-30 08:53:44.799936', '2024-09-30 08:53:44.799936');
INSERT INTO public.cryptography_act_record (id, action_type, number, reason, reason_date, happened_at, head_commision_member_id, commision_member_id, performer_id, created_at, updated_at) VALUES (79, 'KD_REMOVE', '240930-7', 'Истечение срока действия', NULL, '2024-09-30', 4, 6, 5, '2024-09-30 08:55:41.873711', '2024-09-30 08:55:41.873711');
INSERT INTO public.cryptography_act_record (id, action_type, number, reason, reason_date, happened_at, head_commision_member_id, commision_member_id, performer_id, created_at, updated_at) VALUES (80, 'I_INSTALL', '240930-8', 'б\н', '2024-09-30', '2024-09-30', 4, 3, 5, '2024-09-30 08:56:37.367135', '2024-09-30 08:56:37.367135');
INSERT INTO public.cryptography_act_record (id, action_type, number, reason, reason_date, happened_at, head_commision_member_id, commision_member_id, performer_id, created_at, updated_at) VALUES (81, 'KD_REMOVE', '240930-9', 'Истечение срока действия', NULL, '2024-09-30', 4, 6, 5, '2024-09-30 08:56:54.250365', '2024-09-30 08:56:54.250365');
INSERT INTO public.cryptography_act_record (id, action_type, number, reason, reason_date, happened_at, head_commision_member_id, commision_member_id, performer_id, created_at, updated_at) VALUES (82, 'I_INSTALL', '240930-10', 'б\н', '2024-09-30', '2024-09-30', 4, 3, 5, '2024-09-30 09:02:32.656106', '2024-09-30 09:02:32.656106');
INSERT INTO public.cryptography_act_record (id, action_type, number, reason, reason_date, happened_at, head_commision_member_id, commision_member_id, performer_id, created_at, updated_at) VALUES (83, 'KD_REMOVE', '240930-11', 'Истечение срока действия', NULL, '2024-09-30', 4, 6, 5, '2024-09-30 09:02:50.560087', '2024-09-30 09:02:50.560087');
INSERT INTO public.cryptography_act_record (id, action_type, number, reason, reason_date, happened_at, head_commision_member_id, commision_member_id, performer_id, created_at, updated_at) VALUES (84, 'I_INSTALL', '240930-12', 'б\н', '2024-09-30', '2024-09-30', 4, 3, 5, '2024-09-30 09:05:42.248568', '2024-09-30 09:05:42.248568');
INSERT INTO public.cryptography_act_record (id, action_type, number, reason, reason_date, happened_at, head_commision_member_id, commision_member_id, performer_id, created_at, updated_at) VALUES (85, 'KD_REMOVE', '240930-13', 'Истечение срока действия', NULL, '2024-09-30', 4, 6, 5, '2024-09-30 09:05:59.457598', '2024-09-30 09:05:59.457598');
INSERT INTO public.cryptography_act_record (id, action_type, number, reason, reason_date, happened_at, head_commision_member_id, commision_member_id, performer_id, created_at, updated_at) VALUES (86, 'KD_REMOVE', '240930-14', 'Истечение срока действия', NULL, '2024-09-30', 4, 6, 5, '2024-09-30 09:07:09.602423', '2024-09-30 09:07:09.602423');
INSERT INTO public.cryptography_act_record (id, action_type, number, reason, reason_date, happened_at, head_commision_member_id, commision_member_id, performer_id, created_at, updated_at) VALUES (87, 'I_INSTALL', '240930-15', 'б\н', '2024-09-30', '2024-09-30', 4, 3, 5, '2024-09-30 09:16:03.248452', '2024-09-30 09:16:03.248452');
INSERT INTO public.cryptography_act_record (id, action_type, number, reason, reason_date, happened_at, head_commision_member_id, commision_member_id, performer_id, created_at, updated_at) VALUES (88, 'KD_REMOVE', '240930-16', 'Истечение срока действия', NULL, '2024-09-30', 4, 6, 5, '2024-09-30 09:16:26.929903', '2024-09-30 09:16:26.929903');
INSERT INTO public.cryptography_act_record (id, action_type, number, reason, reason_date, happened_at, head_commision_member_id, commision_member_id, performer_id, created_at, updated_at) VALUES (89, 'I_INSTALL', '240930-17', 'б\н', '2024-09-30', '2024-09-30', 4, 3, 5, '2024-09-30 09:25:55.058128', '2024-09-30 09:25:55.058128');
INSERT INTO public.cryptography_act_record (id, action_type, number, reason, reason_date, happened_at, head_commision_member_id, commision_member_id, performer_id, created_at, updated_at) VALUES (90, 'KD_REMOVE', '240930-18', 'Истечение срока действия', NULL, '2024-09-30', 4, 6, 5, '2024-09-30 09:26:11.993877', '2024-09-30 09:26:11.993877');


--
-- Data for Name: cryptography_key_carrier_type; Type: TABLE DATA; Schema: public; Owner: user
--


--
-- Data for Name: cryptography_key_carrier; Type: TABLE DATA; Schema: public; Owner: user
--




--
-- Data for Name: cryptography_version; Type: TABLE DATA; Schema: public; Owner: user
--

INSERT INTO public.cryptography_version (id, version, grade, serial, dist_num, certificate, certificate_expired_at, received_from, received_num, received_at, form, license, model_id, responsible_user_id, created_at, updated_at) VALUES (32, '1.x (исп.3)', 'KC3', '905C-008996', 'PKI CI КС3-007996', 'СФ/124-4250', '2025-04-08', 'СФР ЦА', '18-18/25920', '2023-02-20', 'ФРКЕ.00175-02 30 01', '', 4, 4, '2024-08-28 07:40:55.813533', '2024-08-28 09:35:33.784914');
INSERT INTO public.cryptography_version (id, version, grade, serial, dist_num, certificate, certificate_expired_at, received_from, received_num, received_at, form, license, model_id, responsible_user_id, created_at, updated_at) VALUES (33, '4.4.2 (исп.3)', 'KC3', '637Д-003564', 'CSP4.4исп3-184420', 'СФ/124-4103', '2024-08-10', 'СФР ЦА', '18-18/23986', '2023-02-16', 'ФРКЕ.00106-07 30 01', '', 3, 4, '2024-08-28 07:55:47.556627', '2024-08-28 09:47:32.728379');
INSERT INTO public.cryptography_version (id, version, grade, serial, dist_num, certificate, certificate_expired_at, received_from, received_num, received_at, form, license, model_id, responsible_user_id, created_at, updated_at) VALUES (34, '4.x', 'KC3', '734A-011337', 'АдКС3-4-3974', 'СФ/124-4225', '2023-12-31', 'СФР ЦА', '18-18/23986', '2023-02-16', 'ФРКЕ.00109-07 30 01 ФО', '', 5, 4, '2024-08-28 08:14:47.841088', '2024-08-28 09:47:38.153033');
INSERT INTO public.cryptography_version (id, version, grade, serial, dist_num, certificate, certificate_expired_at, received_from, received_num, received_at, form, license, model_id, responsible_user_id, created_at, updated_at) VALUES (36, '4.6.11', 'KC3', '734A-013334', 'АдКС3-013334', 'СФ/124-4701', '2026-12-28', 'СФР', 'АШ 18-18/15289', '2024-04-04', 'ФРКЕ.00109-08 30 01 ФО', 'Бессрочная лицензия на право использования ПО ViPNet Administrator 4.x (КС3)', 5, 4, '2024-08-28 08:27:47.462489', '2024-08-28 09:47:42.842986');
INSERT INTO public.cryptography_version (id, version, grade, serial, dist_num, certificate, certificate_expired_at, received_from, received_num, received_at, form, license, model_id, responsible_user_id, created_at, updated_at) VALUES (35, '4.4.8 (исп.3)', 'KC3', 'CSP4.4исп3-186614', '637Д-100747', 'СФ/124-4702', NULL, 'СФР', 'АШ 18-18/15289', '2024-04-04', 'ФРКЕ.00106-09 30 01 ФО', '', 3, 4, '2024-08-28 08:17:54.123024', '2024-08-28 09:47:46.498666');
INSERT INTO public.cryptography_version (id, version, grade, serial, dist_num, certificate, certificate_expired_at, received_from, received_num, received_at, form, license, model_id, responsible_user_id, created_at, updated_at) VALUES (37, '4.5.3.65117 (исп.2)', 'KC2', '782-322249', 'КлКС2-4-321274', 'СФ/124-4778', '2026-02-28', 'СФР', 'АШ 18-18/15289', '2024-04-04', 'ФРКЕ.00116-05 30 01 ФО', '', 1, 4, '2024-08-28 08:59:23.522209', '2024-08-28 09:48:21.200133');
INSERT INTO public.cryptography_version (id, version, grade, serial, dist_num, certificate, certificate_expired_at, received_from, received_num, received_at, form, license, model_id, responsible_user_id, created_at, updated_at) VALUES (38, '4.4.4 (исп.5)', 'KC2', '637Д-100490', 'CSP4.4 исп5-186357', 'СФ/124-4368', '2025-11-08', 'СФР', 'АШ 18-18/15289', '2024-04-04', 'ФРКЕ.00106-08 30 01 ФО', '', 3, 4, '2024-08-28 09:10:19.643189', '2024-09-03 13:46:53.785324');



--
-- Data for Name: cryptography_key_document; Type: TABLE DATA; Schema: public; Owner: user
--

INSERT INTO public.cryptography_key_document (id, serial, received_from, received_at, cryptography_version_id, carrier_id, owner_id, equipment_id) VALUES (18, '0feb014a', 'Изготовлены самостоятельно', '2024-09-16', 37, 3, 9, '343202620000000598');
INSERT INTO public.cryptography_key_document (id, serial, received_from, received_at, cryptography_version_id, carrier_id, owner_id, equipment_id) VALUES (19, 'GladunovaYUV_2024_pkiClient', 'Изготовлены самостоятельно', '2024-09-17', 37, 1, 9, '343202620000000598');
INSERT INTO public.cryptography_key_document (id, serial, received_from, received_at, cryptography_version_id, carrier_id, owner_id, equipment_id) VALUES (20, 'DilyanovaKN_2024_pkiClient', 'Изготовлены самостоятельно', '2024-09-18', 33, 1, 11, '34140167');
INSERT INTO public.cryptography_key_document (id, serial, received_from, received_at, cryptography_version_id, carrier_id, owner_id, equipment_id) VALUES (16, '0feb014b', 'Изготовлены самостоятельно', '2024-09-13', 37, 3, 7, '34140128');
INSERT INTO public.cryptography_key_document (id, serial, received_from, received_at, cryptography_version_id, carrier_id, owner_id, equipment_id) VALUES (17, 'VasilievaVV_PKI_Client', 'Изготовлены самостоятельно', '2024-09-13', 37, 1, 7, '34140128');


--
-- Data for Name: cryptography_hardware_logbook; Type: TABLE DATA; Schema: public; Owner: user
--

INSERT INTO public.cryptography_hardware_logbook (id, happened_at, cryptography_version_id, record_type, key_document_id, remove_action_id, removed_at, comment, created_at, updated_at, equipment_id) VALUES (3, '2024-09-13', 37, 'C_INSTALL', 16, NULL, NULL, NULL, '2024-09-13 11:28:48.79953', '2024-09-13 11:28:48.79953', '34140128');
INSERT INTO public.cryptography_hardware_logbook (id, happened_at, cryptography_version_id, record_type, key_document_id, remove_action_id, removed_at, comment, created_at, updated_at, equipment_id) VALUES (4, '2024-09-13', 37, 'KD_INSTALL', 17, NULL, NULL, NULL, '2024-09-13 11:28:49.119795', '2024-09-13 11:28:49.119795', '34140128');
INSERT INTO public.cryptography_hardware_logbook (id, happened_at, cryptography_version_id, record_type, key_document_id, remove_action_id, removed_at, comment, created_at, updated_at, equipment_id) VALUES (5, '2024-09-17', 37, 'C_INSTALL', 18, NULL, NULL, NULL, '2024-09-18 06:01:10.699177', '2024-09-18 06:01:10.699177', '343202620000000598');
INSERT INTO public.cryptography_hardware_logbook (id, happened_at, cryptography_version_id, record_type, key_document_id, remove_action_id, removed_at, comment, created_at, updated_at, equipment_id) VALUES (6, '2024-09-17', 37, 'KD_INSTALL', 19, NULL, NULL, NULL, '2024-09-18 06:01:11.600781', '2024-09-18 06:01:11.600781', '343202620000000598');
INSERT INTO public.cryptography_hardware_logbook (id, happened_at, cryptography_version_id, record_type, key_document_id, remove_action_id, removed_at, comment, created_at, updated_at, equipment_id) VALUES (7, '2024-09-18', 33, 'KD_INSTALL', 20, NULL, NULL, NULL, '2024-09-18 10:56:31.005993', '2024-09-18 10:56:31.005993', '34140167');


--
-- Data for Name: cryptography_instance_logbook; Type: TABLE DATA; Schema: public; Owner: user
--

INSERT INTO public.cryptography_instance_logbook (id, happened_at, key_document_is_unexpired, comment, cryptography_version_id, key_document_id, install_action_id, remove_action_id, equipment_id, responsible_user_id, created_at, updated_at) VALUES (4, '2024-09-13', true, '', 37, 16, 21, NULL, '34140128', 7, '2024-09-13 11:28:48.660757', '2024-09-13 11:28:48.660757');
INSERT INTO public.cryptography_instance_logbook (id, happened_at, key_document_is_unexpired, comment, cryptography_version_id, key_document_id, install_action_id, remove_action_id, equipment_id, responsible_user_id, created_at, updated_at) VALUES (5, '2024-09-13', false, '', 37, 17, 21, NULL, '34140128', 7, '2024-09-13 11:28:49.036247', '2024-09-13 11:28:49.036247');
INSERT INTO public.cryptography_instance_logbook (id, happened_at, key_document_is_unexpired, comment, cryptography_version_id, key_document_id, install_action_id, remove_action_id, equipment_id, responsible_user_id, created_at, updated_at) VALUES (6, '2024-09-17', true, '', 37, 18, 22, NULL, '343202620000000598', 9, '2024-09-18 06:01:10.537131', '2024-09-18 06:01:10.537131');
INSERT INTO public.cryptography_instance_logbook (id, happened_at, key_document_is_unexpired, comment, cryptography_version_id, key_document_id, install_action_id, remove_action_id, equipment_id, responsible_user_id, created_at, updated_at) VALUES (7, '2024-09-17', false, '', 37, 19, 22, NULL, '343202620000000598', 9, '2024-09-18 06:01:11.468462', '2024-09-18 06:01:11.468462');
INSERT INTO public.cryptography_instance_logbook (id, happened_at, key_document_is_unexpired, comment, cryptography_version_id, key_document_id, install_action_id, remove_action_id, equipment_id, responsible_user_id, created_at, updated_at) VALUES (8, '2024-09-18', false, '', 33, 20, 23, NULL, '34140167', 11, '2024-09-18 10:56:30.679234', '2024-09-18 10:56:30.679234');


--
-- Data for Name: cryptography_logbook; Type: TABLE DATA; Schema: public; Owner: user
--

INSERT INTO public.cryptography_logbook (id, happened_at, comment, cryptography_version_id, install_action_id, remove_action_id, created_at, updated_at) VALUES (2, '2023-02-20', '', 32, 8, NULL, '2024-08-28 07:40:55.973963', '2024-08-28 07:40:55.973963');
INSERT INTO public.cryptography_logbook (id, happened_at, comment, cryptography_version_id, install_action_id, remove_action_id, created_at, updated_at) VALUES (4, '2023-02-16', '', 34, 10, NULL, '2024-08-28 08:17:54.089007', '2024-08-28 08:17:54.089007');
INSERT INTO public.cryptography_logbook (id, happened_at, comment, cryptography_version_id, install_action_id, remove_action_id, created_at, updated_at) VALUES (5, '2024-04-04', '', 35, 11, NULL, '2024-08-28 08:27:47.428248', '2024-08-28 08:27:47.428248');
INSERT INTO public.cryptography_logbook (id, happened_at, comment, cryptography_version_id, install_action_id, remove_action_id, created_at, updated_at) VALUES (6, '2024-04-04', '', 36, 12, NULL, '2024-08-28 08:32:29.595749', '2024-08-28 08:32:29.595749');
INSERT INTO public.cryptography_logbook (id, happened_at, comment, cryptography_version_id, install_action_id, remove_action_id, created_at, updated_at) VALUES (7, '2024-04-22', '', 37, 13, NULL, '2024-08-28 09:10:19.586144', '2024-08-28 09:10:19.586144');
INSERT INTO public.cryptography_logbook (id, happened_at, comment, cryptography_version_id, install_action_id, remove_action_id, created_at, updated_at) VALUES (8, '2024-04-22', '', 38, 14, NULL, '2024-08-28 09:27:46.486774', '2024-08-28 09:27:46.486774');
INSERT INTO public.cryptography_logbook (id, happened_at, comment, cryptography_version_id, install_action_id, remove_action_id, created_at, updated_at) VALUES (3, '2023-02-16', '', 33, 9, 16, '2024-08-28 08:11:02.344726', '2024-09-03 13:59:22.673349');


--
-- Data for Name: cryptography_personal_account; Type: TABLE DATA; Schema: public; Owner: user
--

INSERT INTO public.cryptography_personal_account (id, user_id, happened_at, cryptography_version_id, key_document_id, equipment_id, install_action_id, removed_at, remove_action_id, comment, created_at, updated_at) VALUES (2, 7, '2024-09-13', 37, 16, '34140128', 21, NULL, NULL, NULL, '2024-09-13 11:28:48.881021', '2024-09-13 11:28:48.881021');
INSERT INTO public.cryptography_personal_account (id, user_id, happened_at, cryptography_version_id, key_document_id, equipment_id, install_action_id, removed_at, remove_action_id, comment, created_at, updated_at) VALUES (3, 7, '2024-09-13', 37, 17, '34140128', 21, NULL, NULL, NULL, '2024-09-13 11:28:49.168976', '2024-09-13 11:28:49.168976');
INSERT INTO public.cryptography_personal_account (id, user_id, happened_at, cryptography_version_id, key_document_id, equipment_id, install_action_id, removed_at, remove_action_id, comment, created_at, updated_at) VALUES (4, 9, '2024-09-17', 37, 18, '343202620000000598', 22, NULL, NULL, NULL, '2024-09-18 06:01:11.107076', '2024-09-18 06:01:11.107076');
INSERT INTO public.cryptography_personal_account (id, user_id, happened_at, cryptography_version_id, key_document_id, equipment_id, install_action_id, removed_at, remove_action_id, comment, created_at, updated_at) VALUES (5, 9, '2024-09-17', 37, 19, '343202620000000598', 22, NULL, NULL, NULL, '2024-09-18 06:01:11.818136', '2024-09-18 06:01:11.818136');
INSERT INTO public.cryptography_personal_account (id, user_id, happened_at, cryptography_version_id, key_document_id, equipment_id, install_action_id, removed_at, remove_action_id, comment, created_at, updated_at) VALUES (6, 11, '2024-09-18', 33, 20, '34140167', 23, NULL, NULL, NULL, '2024-09-18 10:56:31.244691', '2024-09-18 10:56:31.244691');


--
-- Data for Name: user; Type: TABLE DATA; Schema: public; Owner: user
--



--
-- Name: cryptography_act_records_id_seq; Type: SEQUENCE SET; Schema: public; Owner: user
--

SELECT pg_catalog.setval('public.cryptography_act_records_id_seq', 90, true);


--
-- Name: cryptography_hardware_logbook_id_seq; Type: SEQUENCE SET; Schema: public; Owner: user
--

SELECT pg_catalog.setval('public.cryptography_hardware_logbook_id_seq', 37, true);


--
-- Name: cryptography_instance_logbook_id_seq; Type: SEQUENCE SET; Schema: public; Owner: user
--

SELECT pg_catalog.setval('public.cryptography_instance_logbook_id_seq', 39, true);


--
-- Name: cryptography_key_carrier_types_id_seq; Type: SEQUENCE SET; Schema: public; Owner: user
--

SELECT pg_catalog.setval('public.cryptography_key_carrier_types_id_seq', 12, true);


--
-- Name: cryptography_key_carriers_id_seq; Type: SEQUENCE SET; Schema: public; Owner: user
--

SELECT pg_catalog.setval('public.cryptography_key_carriers_id_seq', 4, true);


--
-- Name: cryptography_key_documents_id_seq; Type: SEQUENCE SET; Schema: public; Owner: user
--

SELECT pg_catalog.setval('public.cryptography_key_documents_id_seq', 51, true);


--
-- Name: cryptography_logbook_id_seq; Type: SEQUENCE SET; Schema: public; Owner: user
--

SELECT pg_catalog.setval('public.cryptography_logbook_id_seq', 9, true);


--
-- Name: cryptography_manufacturers_id_seq; Type: SEQUENCE SET; Schema: public; Owner: user
--

SELECT pg_catalog.setval('public.cryptography_manufacturers_id_seq', 3, true);


--
-- Name: cryptography_models_id_seq; Type: SEQUENCE SET; Schema: public; Owner: user
--

SELECT pg_catalog.setval('public.cryptography_models_id_seq', 6, true);


--
-- Name: cryptography_personal_accounts_id_seq; Type: SEQUENCE SET; Schema: public; Owner: user
--

SELECT pg_catalog.setval('public.cryptography_personal_accounts_id_seq', 36, true);


--
-- Name: cryptography_versions_id_seq; Type: SEQUENCE SET; Schema: public; Owner: user
--

SELECT pg_catalog.setval('public.cryptography_versions_id_seq', 39, true);


--
-- Name: employee_departments_id_seq; Type: SEQUENCE SET; Schema: public; Owner: user
--

SELECT pg_catalog.setval('public.employee_departments_id_seq', 6, true);


--
-- Name: employee_location_buildings_id_seq; Type: SEQUENCE SET; Schema: public; Owner: user
--

SELECT pg_catalog.setval('public.employee_location_buildings_id_seq', 7, true);


--
-- Name: employee_locations_id_seq; Type: SEQUENCE SET; Schema: public; Owner: user
--

SELECT pg_catalog.setval('public.employee_locations_id_seq', 7, true);


--
-- Name: employee_organisations_id_seq; Type: SEQUENCE SET; Schema: public; Owner: user
--

SELECT pg_catalog.setval('public.employee_organisations_id_seq', 2, true);


--
-- Name: employee_positions_id_seq; Type: SEQUENCE SET; Schema: public; Owner: user
--

SELECT pg_catalog.setval('public.employee_positions_id_seq', 11, true);


--
-- Name: employees_id_seq; Type: SEQUENCE SET; Schema: public; Owner: user
--

SELECT pg_catalog.setval('public.employees_id_seq', 12, true);


--
-- Name: users_id_seq; Type: SEQUENCE SET; Schema: public; Owner: user
--

SELECT pg_catalog.setval('public.users_id_seq', 1, false);


--
-- PostgreSQL database dump complete
--
